user_id,organization
1,Malesuada Integer Consulting
2,Aliquam Iaculis Lacus Consulting
3,Vehicula LLC
4,Vestibulum Mauris Consulting
5,Phasellus Libero PC
6,Nullam Lobortis Industries
7,Libero Limited
8,Elit Corp.
9,Nisi Incorporated
10,Semper Pretium Neque LLC
11,Pede Nunc Sed PC
12,Ullamcorper Velit In Incorporated
13,Lorem Ipsum Corp.
14,Magna Suspendisse Tristique Associates
15,Egestas Blandit Nam LLP
16,Iaculis Aliquet Diam Corp.
17,Risus Donec Corporation
18,Ut Nec Ltd
19,Sollicitudin A Ltd
20,Sit Amet LLC
21,Nonummy Ultricies LLP
22,Volutpat Industries
23,Sed Ltd
24,Sed Tortor Integer Associates
25,Imperdiet Consulting
26,Ultrices Iaculis LLC
27,Vestibulum Massa Rutrum LLC
28,Rhoncus Donec Est Company
29,Scelerisque Scelerisque Dui Institute
30,Pellentesque Habitant Morbi Corporation
31,Amet Corporation
32,Vitae Semper Egestas Incorporated
33,Tempus Eu LLC
34,Ac Libero Ltd
35,Volutpat Nunc Sit LLC
36,Tempor Augue Ac Company
37,Amet Diam Eu LLP
38,Augue Scelerisque Mollis Incorporated
39,Nonummy Fusce Fermentum Company
40,Tellus Imperdiet Non Associates
41,Cras Convallis Convallis Corporation
42,Pellentesque Foundation
43,Nisi Cum Company
44,Iaculis Enim Sit LLC
45,Pellentesque Sed Foundation
46,Ornare Elit Elit Associates
47,Sociis Natoque Penatibus Inc.
48,Dui Lectus Foundation
49,Mauris Sit Amet Associates
50,Hendrerit A Ltd
51,Ut Odio Vel Incorporated
52,Fames Ac Turpis PC
53,Convallis Est Vitae Industries
54,Magnis Dis Parturient Foundation
55,Interdum Sed Auctor Company
56,Ac Feugiat Foundation
57,Erat PC
58,Dictum PC
59,Diam Eu Dolor Company
60,Amet LLC
61,Elit Corporation
62,Cras Institute
63,Lorem Eget Corporation
64,Nec Company
65,Mus Proin Vel Limited
66,Pharetra Inc.
67,Quis Tristique Ac Corporation
68,Magna Et Institute
69,A Neque Nullam Consulting
70,Donec Est Nunc LLP
71,Ipsum Dolor Incorporated
72,Vestibulum Neque Associates
73,Quis Inc.
74,Ante Blandit Viverra Institute
75,Eu Arcu Morbi Limited
76,Lorem Foundation
77,In Scelerisque Scelerisque Limited
78,Non Limited
79,Neque Non Quam Institute
80,Mi Institute
81,Lorem Donec Consulting
82,Aenean Corp.
83,Curabitur Dictum Corporation
84,Ac Fermentum Vel Ltd
85,Mauris PC
86,Et Pede Incorporated
87,Nibh Enim Gravida Ltd
88,Quam Dignissim Corporation
89,Placerat Augue LLP
90,Non Quam Corporation
91,Nec Tellus Nunc Industries
92,Donec Foundation
93,Est Tempor PC
94,Nec Company
95,Tempor Arcu Vestibulum Incorporated
96,Est Mauris Company
97,Duis Mi Associates
98,Morbi Neque Limited
99,Mattis Ornare Lectus Foundation
100,Nunc Limited