user_id,last_name,first_name
11111111,Armand,Ariel
11111112,Brunilda,Chester
11111113,Bill,Alesia
11111114,Brenna,Alix
11111115,Chaya,Aimee
11111116,Brandee,Birdie
11111117,Caprice,Armando
11111118,Agnus,Bethany
11111119,Alexia,Coleen
11111120,Cherish,Bobby
11111121,Alida,Claretha
11111122,Carlos,Andre
11111123,Blaine,Clayton
11111124,Ammie,Asha
11111125,Belen,Chanel
11111126,Carlyn,Aimee
11111127,Brinda,Amberly
11111128,Chasidy,Aaron
11111129,Charity,Andy
11111130,Clarissa,Beaulah
11111131,Cleopatra,Angelia
11111132,Celina,Aracely
11111133,Brendon,Chase
11111134,Carmelia,Alexia
11111135,Berniece,Afton
11111136,Aliza,Berneice
11111137,Bianca,Adell
11111138,Chloe,Almeda
11111139,Arletta,Bryant
11111140,Alfonso,Antwan
11111141,Ben,Candice
11111142,Ashlyn,Anika
11111143,Alta,Cary
11111144,Claude,Aimee
11111145,Alejandrina,Candi
11111146,Aubrey,Aurelio
11111147,Bethanie,Anastasia
11111148,Bobby,Alecia
11111149,Adriene,Beth
11111150,Celina,Chris
11111151,Annalisa,Antonietta
11111152,Ava,Benton
11111153,Armandina,Cary
11111154,Blake,Alfonzo
11111155,Cathern,Candelaria
11111156,Angle,Bree
11111157,Annetta,Buck
11111158,Bobette,Clyde
11111159,Camelia,Augusta
11111160,Brain,Cathryn
11111161,Brittaney,Alita
11111162,Chung,Arie
11111163,Cecelia,Bebe
11111164,Cecile,Bobbie
11111165,Antonetta,Arlene
11111166,Christia,Carey
11111167,Amelia,Alan
11111168,Avril,Bessie
11111169,Bong,Caren
11111170,Carissa,Antonina
11111171,Amanda,Christie
11111172,Avery,Carlena
11111173,Alina,Antionette
11111174,Bobby,Cherri
11111175,Carmelo,Brendan
11111176,Bettina,Cecil
11111177,Buffy,Alva
11111178,Cecila,Catarina
11111179,Bethanie,Ardelle
11111180,Carmel,Cathie
11111181,Al,Alexandria
11111182,Alison,Cecile
11111183,Andy,Andera
11111184,Bobby,Abdul
11111185,Charlott,Cameron
11111186,Barbar,Clarita
11111187,Ali,Claudia
11111188,Christena,Alan
11111189,Azucena,Avelina
11111190,Alyse,Cecilia
11111191,Alpha,Benita
11111192,Aurea,Chantal
11111193,Ashley,Amie
11111194,Ahmad,Annalee
11111195,Breanne,Aleida
11111196,Alyssa,Cammy
11111197,Christine,Adria
11111198,Bee,Betsey
11111199,Bula,Adele
11111200,Adolph,Alexander
11111201,Cassie,Chase
11111202,Bell,Carmela
11111203,Bonnie,Bobbye
11111204,Candance,Ardis
11111205,Annette,Angelina
11111206,Carol,Chanell
11111207,Cayla,Cher
11111208,Bonnie,Cira
11111209,Alphonso,Celestine
11111210,Bryce,Alvina